player_name,map_name,position_x,position_y
skuba,bind,11093.6074,-5108.875
brawk,bind,9794.03,-5730.98535
Ethan,bind,11546.71,-5582.56934
s0m,bind,9057.99707,-3720.82349
mada,bind,8775.20312,-3538.56152
JAWGEMO,bind,8358.75391,-4517.33154
trent,bind,11256.3008,-3652.33667
valyn,bind,11820.208,-5757.99561
JonahP,bind,11882.5391,-4277.62646
leaf,bind,9842.19434,-4347.40674
skuba,lotus,6454.91797,-4956.24854
brawk,lotus,7167.13379,-4013.24365
Ethan,lotus,6617.67139,-1736.81201
s0m,lotus,7142.9873,-1755.25427
mada,lotus,7002.75537,-3929.9729
JAWGEMO,lotus,7456.79785,-4231.7876
trent,lotus,5631.34326,-5041.97705
valyn,lotus,5497.85742,-3150.65161
JonahP,lotus,7065.27051,-3619.74097
leaf,lotus,4548.35645,-3942.08374
skuba,ascent,4401.75781,-7148.77832
brawk,ascent,5780.91406,-8099.90137
Ethan,ascent,5391.21826,-6237.70459
s0m,ascent,5145.00293,-6864.84277
mada,ascent,5335.89844,-7284.31689
JAWGEMO,ascent,6451.47559,-7367.21
trent,ascent,5334.14307,-7324.7207
valyn,ascent,6017.61914,-7796.58936
JonahP,ascent,5306.10107,-6910.73877
leaf,ascent,5107.72314,-6058.09082
skuba,lotus,6551.15,6041.51172
brawk,lotus,6476.51514,3572.46704
Ethan,lotus,7455.66895,4339.51025
s0m,lotus,7280.48584,-4591.41846
mada,lotus,5162.47266,-3855.64526
bang,lotus,7059.56836,5977.81201
Zellsis,lotus,5972.57227,-3918.8103
zekken,lotus,7717.03467,6511.13477
johnqt,lotus,6415.93066,-4754.28418
N4RRATE,lotus,7412.57129,5208.60352
skuba,icebox,1795.59094,-687.013794
brawk,icebox,1196.99744,48.9230118
Ethan,icebox,2409.37964,-193.693192
s0m,icebox,1504.71863,-59.0952263
mada,icebox,2381.19678,144.249756
bang,icebox,3001.11,219.380646
Zellsis,icebox,1729.00134,1420.10657
zekken,icebox,2796.03516,879.798523
johnqt,icebox,2387.98804,3440.47876
N4RRATE,icebox,1387.77368,1246.77417
skuba,sunset,1458.00745,-3441.99854
brawk,sunset,578.292908,-4858.29346
Ethan,sunset,195.029572,-4980.67676
s0m,sunset,2127.1438,-4709.46387
mada,sunset,1996.95764,-3627.13623
bang,sunset,-66.7504044,-4075.58984
Zellsis,sunset,967.536865,-5146.3916
zekken,sunset,1520.66211,-4069.92651
johnqt,sunset,1333.55212,-5133.35449
N4RRATE,sunset,1052.25793,-5043.89453
skuba,corrode,1904.48889,-1218.4812
brawk,corrode,5243.11768,-1851.50012
Ethan,corrode,3817.89282,-1458.34167
s0m,corrode,3356.34277,-2070.99561
mada,corrode,3742.00073,-1393.23718
bang,corrode,3301.13428,-1504.69836
Zellsis,corrode,4058.42,-2357.98926
zekken,corrode,5301.87891,-2452.23511
johnqt,corrode,572.74939,3108.72974
N4RRATE,corrode,4757.89355,-3117.77563
v1c,haven,-2537.81348,-7456.24756
OXY,haven,-2228.79224,-8446.46094
mitch,haven,-3286.57422,-9644.12305
Xeppaa,haven,-1483.67224,-8634.65527
neT,haven,-2420.7937,-10091.54
skuba,haven,-1369.97461,-8166.47217
brawk,haven,-1291.85571,-8321.62109
Ethan,haven,-2284.43384,-9719.03223
s0m,haven,-2861.92261,-8515.22949
mada,haven,-2271.53076,-8601.31738
v1c,corrode,-2147.18774,-1892.21948
OXY,corrode,-1545.8999,-1841.46277
mitch,corrode,-5208.40771,-3885.8623
Xeppaa,corrode,-3861.12036,-4891.01611
neT,corrode,-4636.08643,-590.007263
skuba,corrode,-1044.41174,-1742.06372
brawk,corrode,-955.326721,-3522.12646
Ethan,corrode,-1311.94812,-1648.0144
s0m,corrode,-1914.828,-1860.12292
mada,corrode,-1887.55542,-1778.11523
v1c,lotus,5693.89551,-3012.77734
OXY,lotus,5086.2334,-4841.31104
mitch,lotus,8630.81641,3730.19214
Xeppaa,lotus,5440.78809,-5428.34229
neT,lotus,6489.60889,-2371.92505
skuba,lotus,6700.34814,125.261757
brawk,lotus,5551.11475,-5418.021
Ethan,lotus,2693.354,2580.42725
s0m,lotus,5364.32275,-4450.59473
mada,lotus,6779.76855,3854.39551
skuba,ascent,-1957.75415,-6757.9
brawk,ascent,-807.06012,-6875.35938
Ethan,ascent,-1534.21973,-6856.62158
s0m,ascent,-1144.34241,-6893.90332
mada,ascent,-1789.66345,-7548.82373
okeanos,ascent,-1709.64233,-8455.12305
tex,ascent,-589.252075,-8082.99463
kiNgg,ascent,-2768.10986,-6787.68945
C0M,ascent,-2159.48901,-7042.63525
Sato,ascent,-1920.39246,-8604.89453
skuba,icebox,1242.76416,-399.141327
brawk,icebox,1738.7467,-182.981842
Ethan,icebox,18.8719521,2173.72925
s0m,icebox,1073.41992,-4.3025136
mada,icebox,1052.84692,-922.482361
okeanos,icebox,1621.95752,2866.22534
tex,icebox,-6147.28467,1108.62354
kiNgg,icebox,1367.97424,264.975677
C0M,icebox,2193.65186,2573.59131
Sato,icebox,1726.14783,2404.6582
JAWGEMO,corrode,3836.46191,-3727.87744
trent,corrode,3363.89893,-3456.67822
valyn,corrode,3123.39062,-2971.52271
JonahP,corrode,3742.54419,-4055.28955
BABYBAY,corrode,4613.04883,-1995.51074
skuba,corrode,3522.73657,-2032.25195
brawk,corrode,4610.48242,-2285.26343
Ethan,corrode,4943.70947,-3133.38428
s0m,corrode,3916.29785,-2976.7688
mada,corrode,4038.08862,-3007.29297
JAWGEMO,sunset,1052.44385,-349.48941
trent,sunset,1556.71362,-3.97761297
valyn,sunset,1131.99402,-3662.27246
JonahP,sunset,697.394287,-5042.04053
BABYBAY,sunset,1204.19958,-3157.99316
skuba,sunset,-1180.82971,-294.714417
brawk,sunset,950.37,-1851.74902
Ethan,sunset,954.339661,-1722.43677
s0m,sunset,2282.18164,-483.329163
mada,sunset,328.721161,-681.668884
JAWGEMO,bind,7710.39307,4560.64746
trent,bind,6707.0332,-1032.25488
valyn,bind,7418.37,1263.64697
JonahP,bind,9330.00293,4031.40088
BABYBAY,bind,9181.02344,2887.15308
skuba,bind,6142.00244,-1339.07959
brawk,bind,9615.19141,3183.24683
Ethan,bind,10493.0889,3513.21704
s0m,bind,8666.18555,4142.00244
mada,bind,9536.85352,3105.78101
keznitdeuS,sunset,1520.79089,3311.18506
Dantedeu5,sunset,3363.88818,1665.4104
Melser,sunset,3015.3,1119.74146
Shyy,sunset,3213.53052,1455.23987
Mazino,sunset,3242.32666,4197.19
skuba,sunset,2534.94409,3644.64355
brawk,sunset,492.725739,3731.40869
Ethan,sunset,3113.88574,4521.6
s0m,sunset,3303.79395,4431.31641
mada,sunset,2107.59521,-249.280151
keznitdeuS,lotus,7747.73,-4225.9165
Dantedeu5,lotus,6977.9834,-4282.15576
Melser,lotus,5226.51172,-3077.48877
Shyy,lotus,6527.21387,-4270.26416
Mazino,lotus,6067.02832,-3939.18872
skuba,lotus,6436.49561,-4466.67432
brawk,lotus,7042.68799,-4280.25146
Ethan,lotus,6962.78027,-3957.46753
s0m,lotus,7223.58594,-3369.86523
mada,lotus,7133.63232,-3959.93286
keznitdeuS,haven,6120.08301,-10149.3623
Dantedeu5,haven,-2515.44019,-6803.4082
Melser,haven,5741.32666,-10535.1426
Shyy,haven,-113.381973,-6810.92188
Mazino,haven,2715.33594,-5289.25391
skuba,haven,5424.81836,-8877.88184
brawk,haven,3939.23853,-8211.22852
Ethan,haven,6574.43506,-9676.98145
s0m,haven,7306.48,-9133.16113
mada,haven,6016.86133,-8922.5752
