series_id,game_id,sequence_number,map_name,team,player_id,player_name,agent,kills,deaths,assists,first_kill,money,loadout_value,net_worth,position_x,position_y
2843071,6f60e56d-c430-4857-9b97-33a5700ad54d,1,bind,NRG,312,skuba,viper,18,13,6,False,1700,1000,2700,11093.6074,-5108.875
2843071,6f60e56d-c430-4857-9b97-33a5700ad54d,1,bind,NRG,2513,brawk,fade,17,16,8,False,2200,1300,3500,9794.03,-5730.98535
2843071,6f60e56d-c430-4857-9b97-33a5700ad54d,1,bind,NRG,297,Ethan,kay/o,18,15,12,True,100,1250,1350,11546.71,-5582.56934
2843071,6f60e56d-c430-4857-9b97-33a5700ad54d,1,bind,NRG,2340,s0m,brimstone,16,18,13,False,2050,1650,3700,9057.99707,-3720.82349
2843071,6f60e56d-c430-4857-9b97-33a5700ad54d,1,bind,NRG,2358,mada,raze,14,18,7,False,200,800,1000,8775.20312,-3538.56152
2843071,6f60e56d-c430-4857-9b97-33a5700ad54d,1,bind,G2 Esports,2347,JAWGEMO,yoru,18,16,2,False,0,750,750,8358.75391,-4517.33154
2843071,6f60e56d-c430-4857-9b97-33a5700ad54d,1,bind,G2 Esports,2353,trent,tejo,16,17,2,False,200,900,1100,11256.3008,-3652.33667
2843071,6f60e56d-c430-4857-9b97-33a5700ad54d,1,bind,G2 Esports,2349,valyn,brimstone,15,15,15,False,50,3850,3900,11820.208,-5757.99561
2843071,6f60e56d-c430-4857-9b97-33a5700ad54d,1,bind,G2 Esports,2351,JonahP,fade,16,16,9,False,0,3150,3150,11882.5391,-4277.62646
2843071,6f60e56d-c430-4857-9b97-33a5700ad54d,1,bind,G2 Esports,1192,leaf,deadlock,15,19,5,False,50,800,850,9842.19434,-4347.40674
2843071,3813a227-e766-4fa0-ad23-3eb7c5af677c,2,lotus,NRG,312,skuba,viper,17,13,6,True,800,1300,2100,6454.91797,-4956.24854
2843071,3813a227-e766-4fa0-ad23-3eb7c5af677c,2,lotus,NRG,2513,brawk,vyse,8,16,5,False,3600,1000,4600,7167.13379,-4013.24365
2843071,3813a227-e766-4fa0-ad23-3eb7c5af677c,2,lotus,NRG,297,Ethan,fade,13,16,5,False,200,1300,1500,6617.67139,-1736.81201
2843071,3813a227-e766-4fa0-ad23-3eb7c5af677c,2,lotus,NRG,2340,s0m,omen,16,15,7,False,200,1550,1750,7142.9873,-1755.25427
2843071,3813a227-e766-4fa0-ad23-3eb7c5af677c,2,lotus,NRG,2358,mada,raze,13,19,4,False,2400,1500,3900,7002.75537,-3929.9729
2843071,3813a227-e766-4fa0-ad23-3eb7c5af677c,2,lotus,G2 Esports,2347,JAWGEMO,yoru,17,15,1,False,1150,1500,2650,7456.79785,-4231.7876
2843071,3813a227-e766-4fa0-ad23-3eb7c5af677c,2,lotus,G2 Esports,2353,trent,tejo,15,13,5,False,2400,4500,6900,5631.34326,-5041.97705
2843071,3813a227-e766-4fa0-ad23-3eb7c5af677c,2,lotus,G2 Esports,2349,valyn,omen,18,14,7,False,1600,3400,5000,5497.85742,-3150.65161
2843071,3813a227-e766-4fa0-ad23-3eb7c5af677c,2,lotus,G2 Esports,2351,JonahP,fade,16,14,8,False,1850,1100,2950,7065.27051,-3619.74097
2843071,3813a227-e766-4fa0-ad23-3eb7c5af677c,2,lotus,G2 Esports,1192,leaf,viper,13,12,3,False,1900,400,2300,4548.35645,-3942.08374
2843071,26249bcf-dee9-42e2-97c0-80f09e12e079,3,ascent,NRG,312,skuba,vyse,14,14,8,False,4000,1450,5450,4401.75781,-7148.77832
2843071,26249bcf-dee9-42e2-97c0-80f09e12e079,3,ascent,NRG,2513,brawk,sova,20,13,5,True,2950,1450,4400,5780.91406,-8099.90137
2843071,26249bcf-dee9-42e2-97c0-80f09e12e079,3,ascent,NRG,297,Ethan,kay/o,12,16,13,False,450,1300,1750,5391.21826,-6237.70459
2843071,26249bcf-dee9-42e2-97c0-80f09e12e079,3,ascent,NRG,2340,s0m,omen,12,17,5,False,1950,1550,3500,5145.00293,-6864.84277
2843071,26249bcf-dee9-42e2-97c0-80f09e12e079,3,ascent,NRG,2358,mada,jett,17,17,6,False,2850,1650,4500,5335.89844,-7284.31689
2843071,26249bcf-dee9-42e2-97c0-80f09e12e079,3,ascent,G2 Esports,2347,JAWGEMO,yoru,12,17,5,False,4200,1800,6000,6451.47559,-7367.21
2843071,26249bcf-dee9-42e2-97c0-80f09e12e079,3,ascent,G2 Esports,2353,trent,sova,18,13,4,False,2550,5200,7750,5334.14307,-7324.7207
2843071,26249bcf-dee9-42e2-97c0-80f09e12e079,3,ascent,G2 Esports,2349,valyn,omen,12,14,9,False,4550,2050,6600,6017.61914,-7796.58936
2843071,26249bcf-dee9-42e2-97c0-80f09e12e079,3,ascent,G2 Esports,2351,JonahP,vyse,15,16,6,False,750,4900,5650,5306.10107,-6910.73877
2843071,26249bcf-dee9-42e2-97c0-80f09e12e079,3,ascent,G2 Esports,1192,leaf,chamber,20,15,3,False,1600,7600,9200,5107.72314,-6058.09082
2843070,5e39f7df-7f4b-4741-a010-d64e13b4f68b,1,lotus,NRG,312,skuba,viper,14,8,9,False,3300,5200,8500,6551.15,6041.51172
2843070,5e39f7df-7f4b-4741-a010-d64e13b4f68b,1,lotus,NRG,2513,brawk,vyse,19,6,5,False,4000,5500,9500,6476.51514,3572.46704
2843070,5e39f7df-7f4b-4741-a010-d64e13b4f68b,1,lotus,NRG,297,Ethan,fade,18,8,8,False,1850,1000,2850,7455.66895,4339.51025
2843070,5e39f7df-7f4b-4741-a010-d64e13b4f68b,1,lotus,NRG,2340,s0m,omen,8,11,15,False,1550,1700,3250,7280.48584,-4591.41846
2843070,5e39f7df-7f4b-4741-a010-d64e13b4f68b,1,lotus,NRG,2358,mada,raze,10,13,2,False,1300,1000,2300,5162.47266,-3855.64526
2843070,5e39f7df-7f4b-4741-a010-d64e13b4f68b,1,lotus,Sentinels,727,bang,omen,6,14,2,False,150,100,250,7059.56836,5977.81201
2843070,5e39f7df-7f4b-4741-a010-d64e13b4f68b,1,lotus,Sentinels,94,Zellsis,vyse,9,14,3,False,300,0,300,5972.57227,-3918.8103
2843070,5e39f7df-7f4b-4741-a010-d64e13b4f68b,1,lotus,Sentinels,287,zekken,raze,9,15,2,False,100,1000,1100,7717.03467,6511.13477
2843070,5e39f7df-7f4b-4741-a010-d64e13b4f68b,1,lotus,Sentinels,2512,johnqt,viper,16,12,8,False,50,400,450,6415.93066,-4754.28418
2843070,5e39f7df-7f4b-4741-a010-d64e13b4f68b,1,lotus,Sentinels,11013,N4RRATE,fade,6,14,6,True,150,0,150,7412.57129,5208.60352
2843070,33416277-2ec6-4e6c-b2ee-4385085a783e,2,icebox,NRG,312,skuba,viper,17,18,9,False,2800,1800,4600,1795.59094,-687.013794
2843070,33416277-2ec6-4e6c-b2ee-4385085a783e,2,icebox,NRG,2513,brawk,sova,25,15,5,True,2950,5500,8450,1196.99744,48.9230118
2843070,33416277-2ec6-4e6c-b2ee-4385085a783e,2,icebox,NRG,297,Ethan,harbor,16,16,12,False,3000,1300,4300,2409.37964,-193.693192
2843070,33416277-2ec6-4e6c-b2ee-4385085a783e,2,icebox,NRG,2340,s0m,killjoy,11,21,4,False,3200,1300,4500,1504.71863,-59.0952263
2843070,33416277-2ec6-4e6c-b2ee-4385085a783e,2,icebox,NRG,2358,mada,jett,18,18,3,False,1200,1700,2900,2381.19678,144.249756
2843070,33416277-2ec6-4e6c-b2ee-4385085a783e,2,icebox,Sentinels,727,bang,viper,12,16,7,False,1050,1300,2350,3001.11,219.380646
2843070,33416277-2ec6-4e6c-b2ee-4385085a783e,2,icebox,Sentinels,94,Zellsis,killjoy,14,15,5,False,2200,300,2500,1729.00134,1420.10657
2843070,33416277-2ec6-4e6c-b2ee-4385085a783e,2,icebox,Sentinels,287,zekken,jett,27,18,1,False,200,1850,2050,2796.03516,879.798523
2843070,33416277-2ec6-4e6c-b2ee-4385085a783e,2,icebox,Sentinels,2512,johnqt,sage,8,18,17,False,100,800,900,2387.98804,3440.47876
2843070,33416277-2ec6-4e6c-b2ee-4385085a783e,2,icebox,Sentinels,11013,N4RRATE,sova,27,21,4,False,50,700,750,1387.77368,1246.77417
2843070,4e4ff92d-5e0a-4acc-b579-6d30e22971ca,3,sunset,NRG,312,skuba,cypher,14,15,6,False,350,1000,1350,1458.00745,-3441.99854
2843070,4e4ff92d-5e0a-4acc-b579-6d30e22971ca,3,sunset,NRG,2513,brawk,sova,19,19,7,False,450,0,450,578.292908,-4858.29346
2843070,4e4ff92d-5e0a-4acc-b579-6d30e22971ca,3,sunset,NRG,297,Ethan,breach,15,16,9,False,650,1000,1650,195.029572,-4980.67676
2843070,4e4ff92d-5e0a-4acc-b579-6d30e22971ca,3,sunset,NRG,2340,s0m,omen,10,20,4,False,550,1100,1650,2127.1438,-4709.46387
2843070,4e4ff92d-5e0a-4acc-b579-6d30e22971ca,3,sunset,NRG,2358,mada,neon,13,19,10,False,500,1150,1650,1996.95764,-3627.13623
2843070,4e4ff92d-5e0a-4acc-b579-6d30e22971ca,3,sunset,Sentinels,727,bang,omen,20,14,12,False,4650,1450,6100,-66.7504044,-4075.58984
2843070,4e4ff92d-5e0a-4acc-b579-6d30e22971ca,3,sunset,Sentinels,94,Zellsis,breach,13,14,19,False,5500,4900,10400,967.536865,-5146.3916
2843070,4e4ff92d-5e0a-4acc-b579-6d30e22971ca,3,sunset,Sentinels,287,zekken,neon,20,17,4,False,200,1300,1500,1520.66211,-4069.92651
2843070,4e4ff92d-5e0a-4acc-b579-6d30e22971ca,3,sunset,Sentinels,2512,johnqt,cypher,18,13,8,False,5100,5700,10800,1333.55212,-5133.35449
2843070,4e4ff92d-5e0a-4acc-b579-6d30e22971ca,3,sunset,Sentinels,11013,N4RRATE,fade,18,13,8,True,2650,4200,6850,1052.25793,-5043.89453
2843070,ed34a2f5-cb2e-496d-a3d8-352fab5921be,4,corrode,NRG,312,skuba,viper,14,9,6,True,1000,700,1700,1904.48889,-1218.4812
2843070,ed34a2f5-cb2e-496d-a3d8-352fab5921be,4,corrode,NRG,2513,brawk,sova,19,12,5,False,400,400,800,5243.11768,-1851.50012
2843070,ed34a2f5-cb2e-496d-a3d8-352fab5921be,4,corrode,NRG,297,Ethan,kay/o,12,12,9,False,300,4400,4700,3817.89282,-1458.34167
2843070,ed34a2f5-cb2e-496d-a3d8-352fab5921be,4,corrode,NRG,2340,s0m,omen,13,14,6,False,2650,1300,3950,3356.34277,-2070.99561
2843070,ed34a2f5-cb2e-496d-a3d8-352fab5921be,4,corrode,NRG,2358,mada,waylay,17,13,6,False,1350,5100,6450,3742.00073,-1393.23718
2843070,ed34a2f5-cb2e-496d-a3d8-352fab5921be,4,corrode,Sentinels,727,bang,omen,12,14,6,False,3000,1550,4550,3301.13428,-1504.69836
2843070,ed34a2f5-cb2e-496d-a3d8-352fab5921be,4,corrode,Sentinels,94,Zellsis,vyse,11,17,7,False,6450,300,6750,4058.42,-2357.98926
2843070,ed34a2f5-cb2e-496d-a3d8-352fab5921be,4,corrode,Sentinels,287,zekken,neon,13,18,3,False,2300,1300,3600,5301.87891,-2452.23511
2843070,ed34a2f5-cb2e-496d-a3d8-352fab5921be,4,corrode,Sentinels,2512,johnqt,viper,17,11,3,False,6600,1600,8200,572.74939,3108.72974
2843070,ed34a2f5-cb2e-496d-a3d8-352fab5921be,4,corrode,Sentinels,11013,N4RRATE,fade,7,15,6,False,4850,1500,6350,4757.89355,-3117.77563
2843069,3495b77b-68ee-4ea1-acfc-7b9213dd05ff,1,haven,Cloud9,10612,v1c,omen,22,15,12,False,1950,100,2050,-2537.81348,-7456.24756
2843069,3495b77b-68ee-4ea1-acfc-7b9213dd05ff,1,haven,Cloud9,10636,OXY,neon,24,16,4,False,1500,0,1500,-2228.79224,-8446.46094
2843069,3495b77b-68ee-4ea1-acfc-7b9213dd05ff,1,haven,Cloud9,1195,mitch,skye,4,16,14,False,2050,1350,3400,-3286.57422,-9644.12305
2843069,3495b77b-68ee-4ea1-acfc-7b9213dd05ff,1,haven,Cloud9,1193,Xeppaa,vyse,21,18,13,False,2400,400,2800,-1483.67224,-8634.65527
2843069,3495b77b-68ee-4ea1-acfc-7b9213dd05ff,1,haven,Cloud9,2348,neT,viper,18,15,3,True,2200,1500,3700,-2420.7937,-10091.54
2843069,3495b77b-68ee-4ea1-acfc-7b9213dd05ff,1,haven,NRG,312,skuba,killjoy,17,16,0,False,5950,1500,7450,-1369.97461,-8166.47217
2843069,3495b77b-68ee-4ea1-acfc-7b9213dd05ff,1,haven,NRG,2513,brawk,sova,13,17,7,False,5250,1300,6550,-1291.85571,-8321.62109
2843069,3495b77b-68ee-4ea1-acfc-7b9213dd05ff,1,haven,NRG,297,Ethan,omen,16,20,7,False,650,1600,2250,-2284.43384,-9719.03223
2843069,3495b77b-68ee-4ea1-acfc-7b9213dd05ff,1,haven,NRG,2340,s0m,viper,19,16,10,False,3300,1000,4300,-2861.92261,-8515.22949
2843069,3495b77b-68ee-4ea1-acfc-7b9213dd05ff,1,haven,NRG,2358,mada,neon,15,20,6,False,4200,1300,5500,-2271.53076,-8601.31738
2843069,ab6834ac-897d-4ad9-93aa-700b0197676e,2,corrode,Cloud9,10612,v1c,omen,7,14,7,False,0,150,150,-2147.18774,-1892.21948
2843069,ab6834ac-897d-4ad9-93aa-700b0197676e,2,corrode,Cloud9,10636,OXY,neon,6,14,2,False,300,1650,1950,-1545.8999,-1841.46277
2843069,ab6834ac-897d-4ad9-93aa-700b0197676e,2,corrode,Cloud9,1195,mitch,skye,7,14,3,False,0,950,950,-5208.40771,-3885.8623
2843069,ab6834ac-897d-4ad9-93aa-700b0197676e,2,corrode,Cloud9,1193,Xeppaa,vyse,9,13,3,False,50,300,350,-3861.12036,-4891.01611
2843069,ab6834ac-897d-4ad9-93aa-700b0197676e,2,corrode,Cloud9,2348,neT,viper,6,12,3,False,100,1300,1400,-4636.08643,-590.007263
2843069,ab6834ac-897d-4ad9-93aa-700b0197676e,2,corrode,NRG,312,skuba,viper,8,8,4,False,2700,4600,7300,-1044.41174,-1742.06372
2843069,ab6834ac-897d-4ad9-93aa-700b0197676e,2,corrode,NRG,2513,brawk,sova,18,7,4,False,1950,5850,7800,-955.326721,-3522.12646
2843069,ab6834ac-897d-4ad9-93aa-700b0197676e,2,corrode,NRG,297,Ethan,kay/o,13,9,8,True,3000,4050,7050,-1311.94812,-1648.0144
2843069,ab6834ac-897d-4ad9-93aa-700b0197676e,2,corrode,NRG,2340,s0m,omen,7,6,12,False,1100,5050,6150,-1914.828,-1860.12292
2843069,ab6834ac-897d-4ad9-93aa-700b0197676e,2,corrode,NRG,2358,mada,waylay,21,5,4,False,700,4400,5100,-1887.55542,-1778.11523
2843069,876e4568-70c5-48f5-b555-9a4bb688df4a,3,lotus,Cloud9,10612,v1c,omen,20,16,6,False,200,500,700,5693.89551,-3012.77734
2843069,876e4568-70c5-48f5-b555-9a4bb688df4a,3,lotus,Cloud9,10636,OXY,raze,22,19,4,False,50,1200,1250,5086.2334,-4841.31104
2843069,876e4568-70c5-48f5-b555-9a4bb688df4a,3,lotus,Cloud9,1195,mitch,fade,11,18,7,False,50,1200,1250,8630.81641,3730.19214
2843069,876e4568-70c5-48f5-b555-9a4bb688df4a,3,lotus,Cloud9,1193,Xeppaa,vyse,13,19,4,False,50,300,350,5440.78809,-5428.34229
2843069,876e4568-70c5-48f5-b555-9a4bb688df4a,3,lotus,Cloud9,2348,neT,viper,7,20,6,False,0,1300,1300,6489.60889,-2371.92505
2843069,876e4568-70c5-48f5-b555-9a4bb688df4a,3,lotus,NRG,312,skuba,viper,11,16,11,False,6900,4400,11300,6700.34814,125.261757
2843069,876e4568-70c5-48f5-b555-9a4bb688df4a,3,lotus,NRG,2513,brawk,vyse,21,12,9,True,5750,1450,7200,5551.11475,-5418.021
2843069,876e4568-70c5-48f5-b555-9a4bb688df4a,3,lotus,NRG,297,Ethan,fade,23,16,8,False,3900,1450,5350,2693.354,2580.42725
2843069,876e4568-70c5-48f5-b555-9a4bb688df4a,3,lotus,NRG,2340,s0m,omen,17,13,16,False,7800,5400,13200,5364.32275,-4450.59473
2843069,876e4568-70c5-48f5-b555-9a4bb688df4a,3,lotus,NRG,2358,mada,raze,19,16,5,False,5300,1500,6800,6779.76855,3854.39551
2843067,ff9dc015-1241-43d3-a544-d69555007ffe,1,ascent,NRG,312,skuba,vyse,9,7,4,False,150,0,150,-1957.75415,-6757.9
2843067,ff9dc015-1241-43d3-a544-d69555007ffe,1,ascent,NRG,2513,brawk,sova,16,7,5,False,400,1350,1750,-807.06012,-6875.35938
2843067,ff9dc015-1241-43d3-a544-d69555007ffe,1,ascent,NRG,297,Ethan,kay/o,13,7,5,False,50,3900,3950,-1534.21973,-6856.62158
2843067,ff9dc015-1241-43d3-a544-d69555007ffe,1,ascent,NRG,2340,s0m,omen,15,8,1,False,1950,400,2350,-1144.34241,-6893.90332
2843067,ff9dc015-1241-43d3-a544-d69555007ffe,1,ascent,NRG,2358,mada,jett,14,7,1,False,2000,1150,3150,-1789.66345,-7548.82373
2843067,ff9dc015-1241-43d3-a544-d69555007ffe,1,ascent,Leviatán Esports,10621,okeanos,omen,12,13,4,False,200,2100,2300,-1709.64233,-8455.12305
2843067,ff9dc015-1241-43d3-a544-d69555007ffe,1,ascent,Leviatán Esports,2343,tex,chamber,7,13,0,False,0,900,900,-589.252075,-8082.99463
2843067,ff9dc015-1241-43d3-a544-d69555007ffe,1,ascent,Leviatán Esports,207,kiNgg,vyse,3,13,3,False,50,1000,1050,-2768.10986,-6787.68945
2843067,ff9dc015-1241-43d3-a544-d69555007ffe,1,ascent,Leviatán Esports,2515,C0M,sova,5,14,5,False,0,550,550,-2159.48901,-7042.63525
2843067,ff9dc015-1241-43d3-a544-d69555007ffe,1,ascent,Leviatán Esports,14826,Sato,yoru,9,14,2,True,50,600,650,-1920.39246,-8604.89453
2843067,9d9a463e-b95f-4f39-8cf9-8bdc57e190d1,2,icebox,NRG,312,skuba,viper,13,11,7,True,700,1600,2300,1242.76416,-399.141327
2843067,9d9a463e-b95f-4f39-8cf9-8bdc57e190d1,2,icebox,NRG,2513,brawk,sova,17,6,9,False,1050,6000,7050,1738.7467,-182.981842
2843067,9d9a463e-b95f-4f39-8cf9-8bdc57e190d1,2,icebox,NRG,297,Ethan,harbor,14,5,11,False,3200,4250,7450,18.8719521,2173.72925
2843067,9d9a463e-b95f-4f39-8cf9-8bdc57e190d1,2,icebox,NRG,2340,s0m,killjoy,14,8,3,False,2300,5200,7500,1073.41992,-4.3025136
2843067,9d9a463e-b95f-4f39-8cf9-8bdc57e190d1,2,icebox,NRG,2358,mada,jett,15,6,0,False,2450,2350,4800,1052.84692,-922.482361
2843067,9d9a463e-b95f-4f39-8cf9-8bdc57e190d1,2,icebox,Leviatán Esports,10621,okeanos,harbor,8,15,3,False,50,800,850,1621.95752,2866.22534
2843067,9d9a463e-b95f-4f39-8cf9-8bdc57e190d1,2,icebox,Leviatán Esports,2343,tex,killjoy,5,15,2,False,200,1600,1800,-6147.28467,1108.62354
2843067,9d9a463e-b95f-4f39-8cf9-8bdc57e190d1,2,icebox,Leviatán Esports,207,kiNgg,viper,8,14,1,False,100,1300,1400,1367.97424,264.975677
2843067,9d9a463e-b95f-4f39-8cf9-8bdc57e190d1,2,icebox,Leviatán Esports,2515,C0M,sova,8,14,1,False,0,150,150,2193.65186,2573.59131
2843067,9d9a463e-b95f-4f39-8cf9-8bdc57e190d1,2,icebox,Leviatán Esports,14826,Sato,jett,7,15,1,False,0,800,800,1726.14783,2404.6582
2843063,8fa1d515-4d32-49a6-85cf-c3dfafc116f5,1,corrode,G2 Esports,2347,JAWGEMO,waylay,18,18,4,False,1900,1300,3200,3836.46191,-3727.87744
2843063,8fa1d515-4d32-49a6-85cf-c3dfafc116f5,1,corrode,G2 Esports,2353,trent,fade,8,17,6,False,300,1300,1600,3363.89893,-3456.67822
2843063,8fa1d515-4d32-49a6-85cf-c3dfafc116f5,1,corrode,G2 Esports,2349,valyn,omen,22,20,6,True,2150,1150,3300,3123.39062,-2971.52271
2843063,8fa1d515-4d32-49a6-85cf-c3dfafc116f5,1,corrode,G2 Esports,2351,JonahP,sage,12,15,12,False,1600,1000,2600,3742.54419,-4055.28955
2843063,8fa1d515-4d32-49a6-85cf-c3dfafc116f5,1,corrode,G2 Esports,709,BABYBAY,viper,16,12,4,False,800,2000,2800,4613.04883,-1995.51074
2843063,8fa1d515-4d32-49a6-85cf-c3dfafc116f5,1,corrode,NRG,312,skuba,viper,19,15,12,False,3050,1300,4350,3522.73657,-2032.25195
2843063,8fa1d515-4d32-49a6-85cf-c3dfafc116f5,1,corrode,NRG,2513,brawk,sova,10,15,2,False,3450,1300,4750,4610.48242,-2285.26343
2843063,8fa1d515-4d32-49a6-85cf-c3dfafc116f5,1,corrode,NRG,297,Ethan,kay/o,14,17,16,False,5150,850,6000,4943.70947,-3133.38428
2843063,8fa1d515-4d32-49a6-85cf-c3dfafc116f5,1,corrode,NRG,2340,s0m,omen,22,13,5,False,400,1450,1850,3916.29785,-2976.7688
2843063,8fa1d515-4d32-49a6-85cf-c3dfafc116f5,1,corrode,NRG,2358,mada,waylay,17,16,1,False,3550,1300,4850,4038.08862,-3007.29297
2843063,38277aa2-5b46-4661-aec7-1638b4bbc72b,2,sunset,G2 Esports,2347,JAWGEMO,neon,16,19,4,False,1350,5200,6550,1052.44385,-349.48941
2843063,38277aa2-5b46-4661-aec7-1638b4bbc72b,2,sunset,G2 Esports,2353,trent,fade,10,18,2,False,600,5200,5800,1556.71362,-3.97761297
2843063,38277aa2-5b46-4661-aec7-1638b4bbc72b,2,sunset,G2 Esports,2349,valyn,omen,17,15,12,False,1500,5200,6700,1131.99402,-3662.27246
2843063,38277aa2-5b46-4661-aec7-1638b4bbc72b,2,sunset,G2 Esports,2351,JonahP,sage,19,13,8,False,2350,5200,7550,697.394287,-5042.04053
2843063,38277aa2-5b46-4661-aec7-1638b4bbc72b,2,sunset,G2 Esports,709,BABYBAY,chamber,23,18,5,True,1550,2100,3650,1204.19958,-3157.99316
2843063,38277aa2-5b46-4661-aec7-1638b4bbc72b,2,sunset,NRG,312,skuba,cypher,10,17,8,False,1700,1300,3000,-1180.82971,-294.714417
2843063,38277aa2-5b46-4661-aec7-1638b4bbc72b,2,sunset,NRG,2513,brawk,sova,10,17,8,False,500,150,650,950.37,-1851.74902
2843063,38277aa2-5b46-4661-aec7-1638b4bbc72b,2,sunset,NRG,297,Ethan,breach,15,15,10,False,2000,1000,3000,954.339661,-1722.43677
2843063,38277aa2-5b46-4661-aec7-1638b4bbc72b,2,sunset,NRG,2340,s0m,omen,22,18,8,False,1600,1700,3300,2282.18164,-483.329163
2843063,38277aa2-5b46-4661-aec7-1638b4bbc72b,2,sunset,NRG,2358,mada,neon,26,18,5,False,250,1300,1550,328.721161,-681.668884
2843063,43789a39-4eba-4d31-80c5-633bcb949841,3,bind,G2 Esports,2347,JAWGEMO,yoru,14,12,3,False,2000,3050,5050,7710.39307,4560.64746
2843063,43789a39-4eba-4d31-80c5-633bcb949841,3,bind,G2 Esports,2353,trent,tejo,14,11,8,False,2900,3950,6850,6707.0332,-1032.25488
2843063,43789a39-4eba-4d31-80c5-633bcb949841,3,bind,G2 Esports,2349,valyn,brimstone,20,13,6,True,2000,3700,5700,7418.37,1263.64697
2843063,43789a39-4eba-4d31-80c5-633bcb949841,3,bind,G2 Esports,2351,JonahP,fade,19,12,6,False,1750,3700,5450,9330.00293,4031.40088
2843063,43789a39-4eba-4d31-80c5-633bcb949841,3,bind,G2 Esports,709,BABYBAY,deadlock,12,10,2,False,2100,3700,5800,9181.02344,2887.15308
2843063,43789a39-4eba-4d31-80c5-633bcb949841,3,bind,NRG,312,skuba,viper,12,16,3,False,250,300,550,6142.00244,-1339.07959
2843063,43789a39-4eba-4d31-80c5-633bcb949841,3,bind,NRG,2513,brawk,fade,7,16,4,False,50,850,900,9615.19141,3183.24683
2843063,43789a39-4eba-4d31-80c5-633bcb949841,3,bind,NRG,297,Ethan,kay/o,8,16,10,False,1700,1700,3400,10493.0889,3513.21704
2843063,43789a39-4eba-4d31-80c5-633bcb949841,3,bind,NRG,2340,s0m,brimstone,19,13,5,False,50,1350,1400,8666.18555,4142.00244
2843063,43789a39-4eba-4d31-80c5-633bcb949841,3,bind,NRG,2358,mada,raze,12,18,2,False,500,1700,2200,9536.85352,3105.78101
2819700,beef7cc9-5aa7-42c9-b1aa-02a1655a7ef1,1,sunset,KRÜ Esports,77,keznitdeuS,yoru,16,14,10,False,450,1000,1450,1520.79089,3311.18506
2819700,beef7cc9-5aa7-42c9-b1aa-02a1655a7ef1,1,sunset,KRÜ Esports,28813,Dantedeu5,neon,12,12,4,False,850,5350,6200,3363.88818,1665.4104
2819700,beef7cc9-5aa7-42c9-b1aa-02a1655a7ef1,1,sunset,KRÜ Esports,208,Melser,omen,10,6,13,False,2300,5100,7400,3015.3,1119.74146
2819700,beef7cc9-5aa7-42c9-b1aa-02a1655a7ef1,1,sunset,KRÜ Esports,3078,Shyy,cypher,23,11,4,False,5100,5200,10300,3213.53052,1455.23987
2819700,beef7cc9-5aa7-42c9-b1aa-02a1655a7ef1,1,sunset,KRÜ Esports,74,Mazino,sova,15,10,7,False,300,4200,4500,3242.32666,4197.19
2819700,beef7cc9-5aa7-42c9-b1aa-02a1655a7ef1,1,sunset,NRG,312,skuba,omen,13,14,10,False,100,400,500,2534.94409,3644.64355
2819700,beef7cc9-5aa7-42c9-b1aa-02a1655a7ef1,1,sunset,NRG,2513,brawk,sova,10,16,9,False,150,1700,1850,492.725739,3731.40869
2819700,beef7cc9-5aa7-42c9-b1aa-02a1655a7ef1,1,sunset,NRG,297,Ethan,breach,9,15,5,True,550,1500,2050,3113.88574,4521.6
2819700,beef7cc9-5aa7-42c9-b1aa-02a1655a7ef1,1,sunset,NRG,2340,s0m,cypher,8,15,4,False,50,1000,1050,3303.79395,4431.31641
2819700,beef7cc9-5aa7-42c9-b1aa-02a1655a7ef1,1,sunset,NRG,2358,mada,raze,13,16,5,False,650,2700,3350,2107.59521,-249.280151
2819700,7cf1796b-377f-44b8-ae2e-b6d4b6a9333e,2,lotus,KRÜ Esports,77,keznitdeuS,raze,22,15,2,False,300,0,300,7747.73,-4225.9165
2819700,7cf1796b-377f-44b8-ae2e-b6d4b6a9333e,2,lotus,KRÜ Esports,28813,Dantedeu5,yoru,9,18,5,False,400,1300,1700,6977.9834,-4282.15576
2819700,7cf1796b-377f-44b8-ae2e-b6d4b6a9333e,2,lotus,KRÜ Esports,208,Melser,omen,15,16,5,False,500,1400,1900,5226.51172,-3077.48877
2819700,7cf1796b-377f-44b8-ae2e-b6d4b6a9333e,2,lotus,KRÜ Esports,3078,Shyy,viper,12,14,3,False,500,1000,1500,6527.21387,-4270.26416
2819700,7cf1796b-377f-44b8-ae2e-b6d4b6a9333e,2,lotus,KRÜ Esports,74,Mazino,fade,6,17,13,False,350,800,1150,6067.02832,-3939.18872
2819700,7cf1796b-377f-44b8-ae2e-b6d4b6a9333e,2,lotus,NRG,312,skuba,viper,19,9,10,False,1700,3700,5400,6436.49561,-4466.67432
2819700,7cf1796b-377f-44b8-ae2e-b6d4b6a9333e,2,lotus,NRG,2513,brawk,vyse,22,10,8,True,2050,4300,6350,7042.68799,-4280.25146
2819700,7cf1796b-377f-44b8-ae2e-b6d4b6a9333e,2,lotus,NRG,297,Ethan,fade,12,15,13,False,3300,1000,4300,6962.78027,-3957.46753
2819700,7cf1796b-377f-44b8-ae2e-b6d4b6a9333e,2,lotus,NRG,2340,s0m,omen,14,15,5,False,2650,1050,3700,7223.58594,-3369.86523
2819700,7cf1796b-377f-44b8-ae2e-b6d4b6a9333e,2,lotus,NRG,2358,mada,raze,13,15,4,False,1400,1200,2600,7133.63232,-3959.93286
2819700,7331feef-35e0-47e9-a06e-6ae3a99eee20,3,haven,KRÜ Esports,77,keznitdeuS,yoru,16,16,2,True,800,1550,2350,6120.08301,-10149.3623
2819700,7331feef-35e0-47e9-a06e-6ae3a99eee20,3,haven,KRÜ Esports,28813,Dantedeu5,neon,4,15,5,False,4550,1950,6500,-2515.44019,-6803.4082
2819700,7331feef-35e0-47e9-a06e-6ae3a99eee20,3,haven,KRÜ Esports,208,Melser,omen,7,15,7,False,4350,2100,6450,5741.32666,-10535.1426
2819700,7331feef-35e0-47e9-a06e-6ae3a99eee20,3,haven,KRÜ Esports,3078,Shyy,cypher,13,14,2,False,2900,1300,4200,-113.381973,-6810.92188
2819700,7331feef-35e0-47e9-a06e-6ae3a99eee20,3,haven,KRÜ Esports,74,Mazino,sova,8,13,4,False,4200,1450,5650,2715.33594,-5289.25391
2819700,7331feef-35e0-47e9-a06e-6ae3a99eee20,3,haven,NRG,312,skuba,killjoy,16,9,7,False,450,3900,4350,5424.81836,-8877.88184
2819700,7331feef-35e0-47e9-a06e-6ae3a99eee20,3,haven,NRG,2513,brawk,sova,11,10,5,False,500,3850,4350,3939.23853,-8211.22852
2819700,7331feef-35e0-47e9-a06e-6ae3a99eee20,3,haven,NRG,297,Ethan,omen,20,11,7,False,900,3700,4600,6574.43506,-9676.98145
2819700,7331feef-35e0-47e9-a06e-6ae3a99eee20,3,haven,NRG,2340,s0m,viper,12,10,12,False,600,3500,4100,7306.48,-9133.16113
2819700,7331feef-35e0-47e9-a06e-6ae3a99eee20,3,haven,NRG,2358,mada,neon,14,8,3,False,1200,4000,5200,6016.86133,-8922.5752
